Admiral Seattle wa,Admiral,Seattle waalki Seattle wa,alki,Seattle waarbor heights Seattle wa,arbor heights,Seattle waatlantic Seattle wa,atlantic,Seattle waballard Seattle wa,ballard,Seattle wabeacon hill Seattle wa,beacon hill,Seattle wabelltown Seattle wa,belltown,Seattle wabitter lake Seattle wa,bitter lake,Seattle wablue ridge Seattle wa,blue ridge,Seattle wabrighton Seattle wa,brighton,Seattle wabroadview Seattle wa,broadview,Seattle wacapitol hill Seattle wa,capitol hill,Seattle wacentral district Seattle wa,central district,Seattle wacolumbia city Seattle wa,columbia city,Seattle wacottage grove Seattle wa,cottage grove,Seattle wacrown hill Seattle wa,crown hill,Seattle wadenny triangle Seattle wa,denny triangle,Seattle wadenny blaine Seattle wa,denny-blaine,Seattle wadowntown Seattle wa,downtown,Seattle waeastlake Seattle wa,eastlake,Seattle wafairmount park Seattle wa,fairmount park,Seattle wafauntleroy Seattle wa,fauntleroy,Seattle wafirst hill Seattle wa,first hill,Seattle wafremont Seattle wa,fremont,Seattle wagatewood Seattle wa,gatewood,Seattle wagenesee Seattle wa,genesee,Seattle wageorgetown Seattle wa,georgetown,Seattle wahaller lake Seattle wa,haller lake,Seattle wahigh point Seattle wa,high point,Seattle wahighland park Seattle wa,highland park,Seattle wahillman city Seattle wa,hillman city,Seattle waindustrial district Seattle wa,industrial district,Seattle wainterbay Seattle wa,interbay,Seattle wainternational district Seattle wa,international district,Seattle wajunction Seattle wa,junction,Seattle walaurelhurts Seattle wa,laurelhurts,Seattle waleschi Seattle wa,leschi,Seattle walichton springs Seattle wa,lichton springs,Seattle walower queen anne Seattle wa,lower queen anne,Seattle waloyal heights Seattle wa,loyal heights,Seattle wamadison park Seattle wa,madison park,Seattle wamadison valley Seattle wa,madison valley,Seattle wamadrona Seattle wa,madrona,Seattle wamagnoila Seattle wa,magnoila,Seattle wamapleleaf Seattle wa,mapleleaf,Seattle wamontlake Seattle wa,montlake,Seattle wamount baker Seattle wa,mount baker,Seattle wanorth beach Seattle wa,north beach,Seattle wanorthgate Seattle wa,northgate,Seattle waolympic hills Seattle wa,olympic hills,Seattle waolympic manor Seattle wa,olympic manor,Seattle waphinney ridge Seattle wa,phinney ridge,Seattle wapigeon point Seattle wa,pigeon point,Seattle wapinehurst Seattle wa,pinehurst,Seattle wapioneer square Seattle wa,pioneer square,Seattle waportage bay Seattle wa,portage bay,Seattle waqueen anne Seattle wa,queen anne,Seattle warainier beach Seattle wa,rainier beach,Seattle waravenna Seattle wa,ravenna,Seattle wariverview Seattle wa,riverview,Seattle waroosevelt Seattle wa,roosevelt,Seattle waroxhill Seattle wa,roxhill,Seattle wasand point Seattle wa,sand point,Seattle waseaview Seattle wa,seaview,Seattle waseward park Seattle wa,seward park,Seattle washorewood Seattle wa,shorewood,Seattle wasnake hill Seattle wa,snake hill,Seattle wasodo Seattle wa,sodo,Seattle wasouth lake union Seattle wa,south lake union,Seattle wasouth park Seattle wa,south park,Seattle wasunset hill Seattle wa,sunset hill,Seattle wauniversity district Seattle wa,university district,Seattle wavictory heights Seattle wa,victory heights,Seattle waview ridge Seattle wa,view ridge,Seattle wawallingford Seattle wa,wallingford,Seattle wawashington park Seattle wa,washington park,Seattle wawaterfront Seattle wa,waterfront,Seattle wawedgwood Seattle wa,wedgwood,Seattle wawestlake Seattle wa,westlake,Seattle wawestwood Seattle wa,westwood,Seattle wawhite center Seattle wa,white center,Seattle wawindermere Seattle wa,windermere,Seattle wayoungstown Seattle wa,youngstown,Seattle wa